{"cameraMode":{"drawMode":0,"name":"Shaded","section":"Shading Mode"},"sceneLighting":true,"audioPlay":false,"sceneViewState":{"m_AlwaysRefresh":false,"showFog":true,"showSkybox":true,"showFlares":true,"showImageEffects":true,"showParticleSystems":true,"showVisualEffectGraphs":true,"m_FxEnabled":true},"in2DMode":false,"pivot":{"x":-2.9792895317077638,"y":2.8373196125030519,"z":-5.898636817932129},"rotation":{"x":-0.04459316283464432,"y":-0.050972484052181247,"z":0.002279720501974225,"w":-0.9977070689201355},"size":8.063359260559082,"orthographic":false}